{
    "exact_match": 0.015810276679841896,
    "contains_match": 0.6245059288537549,
    "f1_score": 0.19967555031360143,
    "bert_score": 0.7935598473775057
}