{
    "exact_match": 0.019762845849802372,
    "contains_match": 0.5849802371541502,
    "f1_score": 0.22089718133240735,
    "bert_score": 0.8196377959176014
}