{
    "exact_match": 0.003952569169960474,
    "contains_match": 0.7114624505928854,
    "f1_score": 0.16315698066819698,
    "bert_score": 0.8281366690816615
}