{
    "exact_match": 0.007905138339920948,
    "contains_match": 0.5098814229249012,
    "f1_score": 0.15797513871903363,
    "bert_score": 0.7733874309204313
}